{
  "NRAG-fast (lexical, no embeddings)": {
    "ndcg@10": 0.6877676502997403,
    "recall@10": 0.8164444444444444,
    "recall@100": 0.8896666666666666,
    "mrr": 0.6550665348946526
  },
  "dense: openai/text-embedding-3-small": {
    "ndcg@10": 0.716391996836381,
    "recall@10": 0.8535555555555555,
    "recall@100": 0.97,
    "mrr": 0.6840903144595625
  },
  "dense: baai/bge-m3": {
    "ndcg@10": 0.6437246752986039,
    "recall@10": 0.7834444444444444,
    "recall@100": 0.9036666666666667,
    "mrr": 0.6131451688063252
  },
  "dense: qwen/qwen3-embedding-4b": {
    "ndcg@10": 0.730790577246326,
    "recall@10": 0.8733333333333333,
    "recall@100": 0.9733333333333334,
    "mrr": 0.694819356706276
  },
  "dense: qwen/qwen3-embedding-8b": {
    "ndcg@10": 0.7629070261743635,
    "recall@10": 0.8983333333333333,
    "recall@100": 0.9733333333333334,
    "mrr": 0.7280557009237679
  },
  "BM25 plain (word-only)": {
    "ndcg@10": 0.6859662244030473,
    "recall@10": 0.8193333333333334,
    "recall@100": 0.8935555555555555,
    "mrr": 0.6528083910085554
  },
  "BM25 + title boost": {
    "ndcg@10": 0.6097073435530554,
    "recall@10": 0.7246666666666666,
    "recall@100": 0.8458888888888889,
    "mrr": 0.5850386239832127
  },
  "BM25 + char-trigram": {
    "ndcg@10": 0.6994636645804305,
    "recall@10": 0.8264444444444443,
    "recall@100": 0.8956666666666668,
    "mrr": 0.6661939471963702
  },
  "bm25s engine (pure sparse, word-only)": {
    "ndcg@10": 0.6850371382985643,
    "recall@10": 0.8146666666666665,
    "recall@100": 0.8852222222222222,
    "mrr": 0.6522786842019077
  },
  "NRAG + query expansion": {
    "ndcg@10": 0.6728062305418825,
    "recall@10": 0.8121666666666666,
    "recall@100": 0.8963333333333332,
    "mrr": 0.6377999036497141
  },
  "lex ngram_w=0.3": {
    "ndcg@10": 0.7034433666459844,
    "recall@10": 0.8297777777777777,
    "recall@100": 0.9156666666666669,
    "mrr": 0.6706922702270879
  },
  "lex ngram_w=0.5": {
    "ndcg@10": 0.7013780103559156,
    "recall@10": 0.823111111111111,
    "recall@100": 0.9056666666666668,
    "mrr": 0.6701887244429651
  },
  "lex ngram_w=0.8": {
    "ndcg@10": 0.6966557074223766,
    "recall@10": 0.8264444444444443,
    "recall@100": 0.8923333333333335,
    "mrr": 0.6627276812901193
  },
  "lex ngram_w=1.0": {
    "ndcg@10": 0.6935267075740674,
    "recall@10": 0.8214444444444443,
    "recall@100": 0.8923333333333335,
    "mrr": 0.6607112176416516
  },
  "lex ngram_w=1.5": {
    "ndcg@10": 0.6845565529700406,
    "recall@10": 0.808111111111111,
    "recall@100": 0.8923333333333335,
    "mrr": 0.654299785532629
  },
  "lex ngram_w=2.0": {
    "ndcg@10": 0.6837508834078001,
    "recall@10": 0.8069999999999999,
    "recall@100": 0.8923333333333335,
    "mrr": 0.6538361111270525
  },
  "lex ngram_w=3.0": {
    "ndcg@10": 0.677516606785052,
    "recall@10": 0.8036666666666666,
    "recall@100": 0.8890000000000001,
    "mrr": 0.6464421134514948
  },
  "NRAG + RM3 PRF (R=3,M=8,a=3)": {
    "ndcg@10": 0.5676187706637612,
    "recall@10": 0.8183888888888888,
    "recall@100": 0.9123333333333333,
    "mrr": 0.49409406157257574
  },
  "NRAG + LLM rerank (base, top-20)": {
    "ndcg@10": 0.7501462425301764,
    "recall@10": 0.8488888888888888,
    "recall@100": 0.8655555555555554,
    "mrr": 0.7252339604839604
  },
  "NRAG + LLM rerank (base, top-30)": {
    "ndcg@10": 0.748667707201549,
    "recall@10": 0.8532222222222222,
    "recall@100": 0.8856666666666668,
    "mrr": 0.7242056644572628
  },
  "NRAG + doc2query (ngram_w=0.0)": {
    "ndcg@10": 0.7076391024781631,
    "recall@10": 0.8306111111111111,
    "recall@100": 0.9008888888888889,
    "mrr": 0.6798604265291216
  },
  "NRAG + doc2query (ngram_w=0.2)": {
    "ndcg@10": 0.7204355048051272,
    "recall@10": 0.8407222222222223,
    "recall@100": 0.9046666666666666,
    "mrr": 0.6910773342030837
  },
  "NRAG + doc2query (ngram_w=0.3)": {
    "ndcg@10": 0.7193113939986252,
    "recall@10": 0.8340555555555556,
    "recall@100": 0.9129999999999999,
    "mrr": 0.6934985079134016
  },
  "NRAG + doc2query + LLM rerank (top-20)": {
    "ndcg@10": 0.742016432312051,
    "recall@10": 0.8498888888888888,
    "recall@100": 0.8798888888888888,
    "mrr": 0.7164747012247012
  },
  "NRAG + ensemble rerank (base, top-20, 3x)": {
    "ndcg@10": 0.6603839527602582,
    "recall@10": 0.8319444444444444,
    "recall@100": 0.8655555555555554,
    "mrr": 0.6168176883029823
  },
  "dense openai/text-embedding-3-small + LLM rerank (top-20)": {
    "ndcg@10": 0.7583069572709569,
    "recall@10": 0.8783333333333333,
    "recall@100": 0.9016666666666666,
    "mrr": 0.7245940504856913
  },
  "dense qwen/qwen3-embedding-4b + LLM rerank (top-20)": {
    "ndcg@10": 0.7738476388636236,
    "recall@10": 0.905,
    "recall@100": 0.9216666666666666,
    "mrr": 0.737878343878344
  },
  "NRAG doc2query DUAL-INDEX fusion (wA=1,wB=3)": {
    "ndcg@10": 0.6663499121982437,
    "recall@10": 0.8031111111111111,
    "recall@100": 0.9386666666666668,
    "mrr": 0.6363877306430412
  },
  "NRAG + doc2query x2 (ngram_w=0.1)": {
    "ndcg@10": 0.7201084057156677,
    "recall@10": 0.8504444444444446,
    "recall@100": 0.9118888888888889,
    "mrr": 0.687022026372712
  },
  "NRAG + doc2query x2 (ngram_w=0.2)": {
    "ndcg@10": 0.7238259732395395,
    "recall@10": 0.8462777777777778,
    "recall@100": 0.9163333333333332,
    "mrr": 0.69487183461608
  },
  "NRAG + doc2query x2 (ngram_w=0.3)": {
    "ndcg@10": 0.7255404976580859,
    "recall@10": 0.8529444444444445,
    "recall@100": 0.9196666666666666,
    "mrr": 0.6948805441944631
  },
  "NRAG doc2query x2 (ngram=0.3,title=0.5)": {
    "ndcg@10": 0.7290798718006521,
    "recall@10": 0.8398888888888889,
    "recall@100": 0.9163333333333332,
    "mrr": 0.7041862210870129
  }
}